text,label
"Great product, works exactly as described",positive
"Absolutely love it, would buy again",positive
"Fast delivery and excellent quality",positive
"The battery life is amazing",positive
"Very happy with this purchase",positive
"Easy to set up and really useful",positive
"Excellent value for the price",positive
"Good quality, my kids love it",positive
"Works great, highly recommend",positive
"Beautiful design and great sound",positive
"Terrible quality, broke after one day",negative
"Very disappointed, does not work",negative
"Waste of money, would not recommend",negative
"The battery died quickly and it feels cheap",negative
"Arrived late and the box was damaged",negative
"Poor customer service and a broken item",negative
"Stopped working after a week",negative
"Awful sound and hard to set up",negative
"Not worth the price, very poor value",negative
"Bad experience, I want a refund",negative
